{"class_name": "Model", "config": {"name": "model_2", "layers": [{"name": "input_2", "class_name": "InputLayer", "config": {"batch_input_shape": [null, 480, 48, 1], "dtype": "float32", "sparse": false, "name": "input_2"}, "inbound_nodes": []}, {"name": "conv2d_4", "class_name": "Conv2D", "config": {"name": "conv2d_4", "trainable": true, "filters": 32, "kernel_size": [3, 3], "strides": [1, 1], "padding": "same", "data_format": "channels_last", "dilation_rate": [1, 1], "activation": "linear", "use_bias": true, "kernel_initializer": {"class_name": "VarianceScaling", "config": {"scale": 1.0, "mode": "fan_avg", "distribution": "uniform", "seed": null}}, "bias_initializer": {"class_name": "Zeros", "config": {}}, "kernel_regularizer": null, "bias_regularizer": null, "activity_regularizer": null, "kernel_constraint": null, "bias_constraint": null}, "inbound_nodes": [[["input_2", 0, 0, {}]]]}, {"name": "batch_normalization_4", "class_name": "BatchNormalization", "config": {"name": "batch_normalization_4", "trainable": true, "axis": -1, "momentum": 0.99, "epsilon": 0.001, "center": true, "scale": true, "beta_initializer": {"class_name": "Zeros", "config": {}}, "gamma_initializer": {"class_name": "Ones", "config": {}}, "moving_mean_initializer": {"class_name": "Zeros", "config": {}}, "moving_variance_initializer": {"class_name": "Ones", "config": {}}, "beta_regularizer": null, "gamma_regularizer": null, "beta_constraint": null, "gamma_constraint": null}, "inbound_nodes": [[["conv2d_4", 0, 0, {}]]]}, {"name": "activation_4", "class_name": "Activation", "config": {"name": "activation_4", "trainable": true, "activation": "relu"}, "inbound_nodes": [[["batch_normalization_4", 0, 0, {}]]]}, {"name": "max_pooling2d_2", "class_name": "MaxPooling2D", "config": {"name": "max_pooling2d_2", "trainable": true, "pool_size": [2, 2], "padding": "valid", "strides": [2, 2], "data_format": "channels_last"}, "inbound_nodes": [[["activation_4", 0, 0, {}]]]}, {"name": "conv2d_5", "class_name": "Conv2D", "config": {"name": "conv2d_5", "trainable": true, "filters": 64, "kernel_size": [3, 3], "strides": [1, 1], "padding": "same", "data_format": "channels_last", "dilation_rate": [1, 1], "activation": "linear", "use_bias": true, "kernel_initializer": {"class_name": "VarianceScaling", "config": {"scale": 1.0, "mode": "fan_avg", "distribution": "uniform", "seed": null}}, "bias_initializer": {"class_name": "Zeros", "config": {}}, "kernel_regularizer": null, "bias_regularizer": null, "activity_regularizer": null, "kernel_constraint": null, "bias_constraint": null}, "inbound_nodes": [[["max_pooling2d_2", 0, 0, {}]]]}, {"name": "batch_normalization_5", "class_name": "BatchNormalization", "config": {"name": "batch_normalization_5", "trainable": true, "axis": -1, "momentum": 0.99, "epsilon": 0.001, "center": true, "scale": true, "beta_initializer": {"class_name": "Zeros", "config": {}}, "gamma_initializer": {"class_name": "Ones", "config": {}}, "moving_mean_initializer": {"class_name": "Zeros", "config": {}}, "moving_variance_initializer": {"class_name": "Ones", "config": {}}, "beta_regularizer": null, "gamma_regularizer": null, "beta_constraint": null, "gamma_constraint": null}, "inbound_nodes": [[["conv2d_5", 0, 0, {}]]]}, {"name": "activation_5", "class_name": "Activation", "config": {"name": "activation_5", "trainable": true, "activation": "relu"}, "inbound_nodes": [[["batch_normalization_5", 0, 0, {}]]]}, {"name": "max_pooling2d_3", "class_name": "MaxPooling2D", "config": {"name": "max_pooling2d_3", "trainable": true, "pool_size": [2, 2], "padding": "valid", "strides": [2, 2], "data_format": "channels_last"}, "inbound_nodes": [[["activation_5", 0, 0, {}]]]}, {"name": "conv2d_6", "class_name": "Conv2D", "config": {"name": "conv2d_6", "trainable": true, "filters": 96, "kernel_size": [3, 3], "strides": [1, 1], "padding": "same", "data_format": "channels_last", "dilation_rate": [1, 1], "activation": "linear", "use_bias": true, "kernel_initializer": {"class_name": "VarianceScaling", "config": {"scale": 1.0, "mode": "fan_avg", "distribution": "uniform", "seed": null}}, "bias_initializer": {"class_name": "Zeros", "config": {}}, "kernel_regularizer": null, "bias_regularizer": null, "activity_regularizer": null, "kernel_constraint": null, "bias_constraint": null}, "inbound_nodes": [[["max_pooling2d_3", 0, 0, {}]]]}, {"name": "batch_normalization_6", "class_name": "BatchNormalization", "config": {"name": "batch_normalization_6", "trainable": true, "axis": -1, "momentum": 0.99, "epsilon": 0.001, "center": true, "scale": true, "beta_initializer": {"class_name": "Zeros", "config": {}}, "gamma_initializer": {"class_name": "Ones", "config": {}}, "moving_mean_initializer": {"class_name": "Zeros", "config": {}}, "moving_variance_initializer": {"class_name": "Ones", "config": {}}, "beta_regularizer": null, "gamma_regularizer": null, "beta_constraint": null, "gamma_constraint": null}, "inbound_nodes": [[["conv2d_6", 0, 0, {}]]]}, {"name": "activation_6", "class_name": "Activation", "config": {"name": "activation_6", "trainable": true, "activation": "relu"}, "inbound_nodes": [[["batch_normalization_6", 0, 0, {}]]]}, {"name": "max_pooling2d_4", "class_name": "MaxPooling2D", "config": {"name": "max_pooling2d_4", "trainable": true, "pool_size": [2, 2], "padding": "valid", "strides": [2, 2], "data_format": "channels_last"}, "inbound_nodes": [[["activation_6", 0, 0, {}]]]}, {"name": "conv2d_7", "class_name": "Conv2D", "config": {"name": "conv2d_7", "trainable": true, "filters": 128, "kernel_size": [3, 3], "strides": [1, 1], "padding": "same", "data_format": "channels_last", "dilation_rate": [1, 1], "activation": "linear", "use_bias": true, "kernel_initializer": {"class_name": "VarianceScaling", "config": {"scale": 1.0, "mode": "fan_avg", "distribution": "uniform", "seed": null}}, "bias_initializer": {"class_name": "Zeros", "config": {}}, "kernel_regularizer": null, "bias_regularizer": null, "activity_regularizer": null, "kernel_constraint": null, "bias_constraint": null}, "inbound_nodes": [[["max_pooling2d_4", 0, 0, {}]]]}, {"name": "batch_normalization_7", "class_name": "BatchNormalization", "config": {"name": "batch_normalization_7", "trainable": true, "axis": -1, "momentum": 0.99, "epsilon": 0.001, "center": true, "scale": true, "beta_initializer": {"class_name": "Zeros", "config": {}}, "gamma_initializer": {"class_name": "Ones", "config": {}}, "moving_mean_initializer": {"class_name": "Zeros", "config": {}}, "moving_variance_initializer": {"class_name": "Ones", "config": {}}, "beta_regularizer": null, "gamma_regularizer": null, "beta_constraint": null, "gamma_constraint": null}, "inbound_nodes": [[["conv2d_7", 0, 0, {}]]]}, {"name": "activation_7", "class_name": "Activation", "config": {"name": "activation_7", "trainable": true, "activation": "relu"}, "inbound_nodes": [[["batch_normalization_7", 0, 0, {}]]]}, {"name": "conv2d_transpose_2", "class_name": "Conv2DTranspose", "config": {"name": "conv2d_transpose_2", "trainable": true, "filters": 96, "kernel_size": [2, 2], "strides": [2, 2], "padding": "same", "data_format": "channels_last", "dilation_rate": [1, 1], "activation": "linear", "use_bias": true, "kernel_initializer": {"class_name": "VarianceScaling", "config": {"scale": 1.0, "mode": "fan_avg", "distribution": "uniform", "seed": null}}, "bias_initializer": {"class_name": "Zeros", "config": {}}, "kernel_regularizer": null, "bias_regularizer": null, "activity_regularizer": null, "kernel_constraint": null, "bias_constraint": null, "output_padding": null}, "inbound_nodes": [[["activation_7", 0, 0, {}]]]}, {"name": "batch_normalization_8", "class_name": "BatchNormalization", "config": {"name": "batch_normalization_8", "trainable": true, "axis": -1, "momentum": 0.99, "epsilon": 0.001, "center": true, "scale": true, "beta_initializer": {"class_name": "Zeros", "config": {}}, "gamma_initializer": {"class_name": "Ones", "config": {}}, "moving_mean_initializer": {"class_name": "Zeros", "config": {}}, "moving_variance_initializer": {"class_name": "Ones", "config": {}}, "beta_regularizer": null, "gamma_regularizer": null, "beta_constraint": null, "gamma_constraint": null}, "inbound_nodes": [[["conv2d_transpose_2", 0, 0, {}]]]}, {"name": "activation_8", "class_name": "Activation", "config": {"name": "activation_8", "trainable": true, "activation": "relu"}, "inbound_nodes": [[["batch_normalization_8", 0, 0, {}]]]}, {"name": "add_2", "class_name": "Add", "config": {"name": "add_2", "trainable": true}, "inbound_nodes": [[["activation_8", 0, 0, {}], ["activation_6", 0, 0, {}]]]}, {"name": "conv2d_transpose_3", "class_name": "Conv2DTranspose", "config": {"name": "conv2d_transpose_3", "trainable": true, "filters": 64, "kernel_size": [2, 2], "strides": [2, 2], "padding": "same", "data_format": "channels_last", "dilation_rate": [1, 1], "activation": "linear", "use_bias": true, "kernel_initializer": {"class_name": "VarianceScaling", "config": {"scale": 1.0, "mode": "fan_avg", "distribution": "uniform", "seed": null}}, "bias_initializer": {"class_name": "Zeros", "config": {}}, "kernel_regularizer": null, "bias_regularizer": null, "activity_regularizer": null, "kernel_constraint": null, "bias_constraint": null, "output_padding": null}, "inbound_nodes": [[["add_2", 0, 0, {}]]]}, {"name": "batch_normalization_9", "class_name": "BatchNormalization", "config": {"name": "batch_normalization_9", "trainable": true, "axis": -1, "momentum": 0.99, "epsilon": 0.001, "center": true, "scale": true, "beta_initializer": {"class_name": "Zeros", "config": {}}, "gamma_initializer": {"class_name": "Ones", "config": {}}, "moving_mean_initializer": {"class_name": "Zeros", "config": {}}, "moving_variance_initializer": {"class_name": "Ones", "config": {}}, "beta_regularizer": null, "gamma_regularizer": null, "beta_constraint": null, "gamma_constraint": null}, "inbound_nodes": [[["conv2d_transpose_3", 0, 0, {}]]]}, {"name": "activation_9", "class_name": "Activation", "config": {"name": "activation_9", "trainable": true, "activation": "relu"}, "inbound_nodes": [[["batch_normalization_9", 0, 0, {}]]]}, {"name": "add_3", "class_name": "Add", "config": {"name": "add_3", "trainable": true}, "inbound_nodes": [[["activation_9", 0, 0, {}], ["activation_5", 0, 0, {}]]]}, {"name": "conv2d_transpose_4", "class_name": "Conv2DTranspose", "config": {"name": "conv2d_transpose_4", "trainable": true, "filters": 32, "kernel_size": [2, 2], "strides": [2, 2], "padding": "same", "data_format": "channels_last", "dilation_rate": [1, 1], "activation": "linear", "use_bias": true, "kernel_initializer": {"class_name": "VarianceScaling", "config": {"scale": 1.0, "mode": "fan_avg", "distribution": "uniform", "seed": null}}, "bias_initializer": {"class_name": "Zeros", "config": {}}, "kernel_regularizer": null, "bias_regularizer": null, "activity_regularizer": null, "kernel_constraint": null, "bias_constraint": null, "output_padding": null}, "inbound_nodes": [[["add_3", 0, 0, {}]]]}, {"name": "batch_normalization_10", "class_name": "BatchNormalization", "config": {"name": "batch_normalization_10", "trainable": true, "axis": -1, "momentum": 0.99, "epsilon": 0.001, "center": true, "scale": true, "beta_initializer": {"class_name": "Zeros", "config": {}}, "gamma_initializer": {"class_name": "Ones", "config": {}}, "moving_mean_initializer": {"class_name": "Zeros", "config": {}}, "moving_variance_initializer": {"class_name": "Ones", "config": {}}, "beta_regularizer": null, "gamma_regularizer": null, "beta_constraint": null, "gamma_constraint": null}, "inbound_nodes": [[["conv2d_transpose_4", 0, 0, {}]]]}, {"name": "activation_10", "class_name": "Activation", "config": {"name": "activation_10", "trainable": true, "activation": "relu"}, "inbound_nodes": [[["batch_normalization_10", 0, 0, {}]]]}, {"name": "add_4", "class_name": "Add", "config": {"name": "add_4", "trainable": true}, "inbound_nodes": [[["activation_10", 0, 0, {}], ["activation_4", 0, 0, {}]]]}, {"name": "conv2d_8", "class_name": "Conv2D", "config": {"name": "conv2d_8", "trainable": true, "filters": 1, "kernel_size": [1, 1], "strides": [1, 1], "padding": "valid", "data_format": "channels_last", "dilation_rate": [1, 1], "activation": "linear", "use_bias": true, "kernel_initializer": {"class_name": "VarianceScaling", "config": {"scale": 1.0, "mode": "fan_avg", "distribution": "uniform", "seed": null}}, "bias_initializer": {"class_name": "Zeros", "config": {}}, "kernel_regularizer": null, "bias_regularizer": null, "activity_regularizer": null, "kernel_constraint": null, "bias_constraint": null}, "inbound_nodes": [[["add_4", 0, 0, {}]]]}], "input_layers": [["input_2", 0, 0]], "output_layers": [["conv2d_8", 0, 0]]}, "keras_version": "2.2.4", "backend": "tensorflow"}